{"cameraMode":{"drawMode":0,"name":"Shaded","section":"Shading Mode"},"sceneLighting":true,"audioPlay":false,"sceneViewState":{"m_AlwaysRefresh":false,"showFog":true,"showSkybox":true,"showFlares":true,"showImageEffects":true,"showParticleSystems":true,"showVisualEffectGraphs":true,"m_FxEnabled":true},"in2DMode":false,"pivot":{"x":0.45659539103507998,"y":0.4210329055786133,"z":1.6272034645080567},"rotation":{"x":0.4741686284542084,"y":-0.03300179913640022,"z":0.017789673060178758,"w":0.8796358108520508},"size":4.284980297088623,"orthographic":false}